seed,hurst,condition,track_fit,pred_fit,stim_lag1,a_rate_mean,b_rate_mean,wall_sec
0,0.3,open_loop,-8.008284e-05,-8.447626e-05,-0.171149,38.8477,30.1719,3.26
0,0.3,closed_loop,-4.119872e-06,-8.794521e-06,-0.171149,38.8125,37.8008,0.42
37,0.3,open_loop,-8.233322e-05,-8.764480e-05,-0.117892,38.8301,30.1582,0.32
37,0.3,closed_loop,-1.135483e-06,-1.332518e-05,-0.117892,38.8516,38.7520,0.37
74,0.3,open_loop,-8.327598e-05,-8.987523e-05,-0.186804,38.6523,29.7988,0.29
74,0.3,closed_loop,-2.987443e-06,-1.376190e-05,-0.186804,38.6445,37.8262,0.37
111,0.3,open_loop,-8.337752e-05,-8.312305e-05,0.197125,38.8027,29.9551,0.29
111,0.3,closed_loop,-1.150170e-05,-5.326765e-06,0.197125,38.8008,38.4863,0.37
148,0.3,open_loop,-8.307517e-05,-8.731023e-05,-0.309270,38.8711,30.0176,0.29
148,0.3,closed_loop,-5.461348e-06,-9.838624e-06,-0.309270,38.8809,37.1641,0.37
185,0.3,open_loop,-8.457414e-05,-8.907246e-05,-0.285820,38.9258,30.0156,0.29
185,0.3,closed_loop,-4.059447e-06,-1.087550e-05,-0.285820,38.9492,38.0859,0.37
222,0.3,open_loop,-7.769097e-05,-8.269082e-05,0.092932,38.8398,30.3574,0.29
222,0.3,closed_loop,-4.970628e-06,-5.752001e-06,0.092932,38.8555,38.5098,0.38
259,0.3,open_loop,-7.623145e-05,-8.061162e-05,-0.618545,38.6719,30.2480,0.30
259,0.3,closed_loop,-1.025062e-05,-9.357816e-06,-0.618545,38.6523,38.2910,0.36
296,0.3,open_loop,-7.822904e-05,-8.262922e-05,-0.472848,38.7832,30.2988,0.29
296,0.3,closed_loop,-4.683991e-06,-1.252530e-05,-0.472848,38.8203,38.0977,0.36
333,0.3,open_loop,-8.410484e-05,-8.878912e-05,-0.438041,38.8945,30.0488,0.29
333,0.3,closed_loop,-1.426086e-06,-1.121650e-05,-0.438041,38.8535,38.2402,0.40
370,0.3,open_loop,-7.407029e-05,-7.849724e-05,-0.240724,38.7480,30.4395,0.32
370,0.3,closed_loop,-3.253859e-06,-9.696877e-06,-0.240724,38.7813,37.7168,0.37
407,0.3,open_loop,-9.043937e-05,-8.525599e-05,-0.243512,38.8789,29.9824,0.29
407,0.3,closed_loop,-9.467696e-06,-8.262635e-06,-0.243512,38.9102,38.5371,0.37
444,0.3,open_loop,-7.878684e-05,-7.960934e-05,-0.202861,38.8223,30.4102,0.29
444,0.3,closed_loop,-1.057701e-05,-5.968596e-06,-0.202861,38.8281,38.3965,0.41
481,0.3,open_loop,-8.224785e-05,-8.695637e-05,-0.243332,38.8184,30.0469,0.29
481,0.3,closed_loop,-1.017760e-06,-1.189069e-05,-0.243332,38.8340,38.4785,0.39
518,0.3,open_loop,-8.149863e-05,-8.596713e-05,-0.310758,38.8262,30.0820,0.31
518,0.3,closed_loop,-7.108536e-06,-8.466622e-06,-0.310758,38.8262,37.8359,0.38
555,0.3,open_loop,-7.548881e-05,-7.926844e-05,-0.334482,38.6816,30.2930,0.29
555,0.3,closed_loop,-4.142000e-06,-1.473284e-05,-0.334482,38.6855,37.4395,0.37
592,0.3,open_loop,-8.446212e-05,-9.983866e-05,-0.206127,38.8203,29.9141,0.29
592,0.3,closed_loop,-3.016584e-06,-9.685235e-06,-0.206127,38.8145,37.5938,0.37
629,0.3,open_loop,-8.270026e-05,-8.733295e-05,0.094350,38.8789,30.0879,0.29
629,0.3,closed_loop,-1.516877e-06,-8.276610e-06,0.094350,38.8262,38.5723,0.37
666,0.3,open_loop,-8.700377e-05,-9.235759e-05,-0.423813,38.7988,29.7949,0.29
666,0.3,closed_loop,-4.739686e-06,-7.374253e-06,-0.423813,38.7891,38.0078,0.37
703,0.3,open_loop,-7.884193e-05,-8.330397e-05,-0.143480,38.6270,30.1758,0.29
703,0.3,closed_loop,-3.693390e-06,-1.957630e-05,-0.143480,38.6309,38.0059,0.37
740,0.3,open_loop,-8.511725e-05,-8.926952e-05,-0.204438,38.8750,30.0059,0.29
740,0.3,closed_loop,-5.340954e-06,-5.834238e-06,-0.204438,38.9063,38.6934,0.37
777,0.3,open_loop,-8.263649e-05,-8.559747e-05,-0.149150,38.6855,29.8789,0.29
777,0.3,closed_loop,-4.478149e-06,-9.493938e-06,-0.149150,38.6797,37.8867,0.36
814,0.3,open_loop,-8.017700e-05,-8.210209e-05,-0.368992,38.5996,30.0410,0.28
814,0.3,closed_loop,-2.458954e-06,-7.811616e-06,-0.368992,38.5781,37.9492,0.36
851,0.3,open_loop,-7.998817e-05,-8.494088e-05,0.003309,38.8789,30.1387,0.29
851,0.3,closed_loop,-6.546707e-06,-7.241581e-06,0.003309,38.8809,37.6055,0.37
888,0.3,open_loop,-8.243148e-05,-8.702207e-05,-0.210600,38.8203,30.0000,0.28
888,0.3,closed_loop,-5.029985e-06,-1.107178e-05,-0.210600,38.8848,37.6602,0.41
925,0.3,open_loop,-8.043975e-05,-8.420907e-05,-0.478562,38.6816,29.9980,0.29
925,0.3,closed_loop,-7.911297e-06,-1.133511e-05,-0.478562,38.6895,37.6641,0.36
962,0.3,open_loop,-7.940963e-05,-8.447964e-05,-0.164800,38.8516,30.2852,0.29
962,0.3,closed_loop,-8.388825e-06,-6.135799e-06,-0.164800,38.9258,38.6914,0.36
999,0.3,open_loop,-7.930451e-05,-8.446536e-05,-0.425909,38.6309,30.0801,0.29
999,0.3,closed_loop,-2.081069e-06,-1.465856e-05,-0.425909,38.6152,38.1758,0.36
1036,0.3,open_loop,-8.496385e-05,-7.478967e-05,0.003152,38.7422,30.1484,0.28
1036,0.3,closed_loop,-1.308723e-05,-8.280383e-06,0.003152,38.7500,38.0332,0.37
1073,0.3,open_loop,-9.306548e-05,-9.796896e-05,0.065998,38.7344,29.9531,0.29
1073,0.3,closed_loop,-4.453737e-06,-1.438879e-05,0.065998,38.7402,37.9902,0.36
1110,0.3,open_loop,-8.020561e-05,-8.511407e-05,0.040497,38.7109,30.0488,0.29
1110,0.3,closed_loop,-4.517975e-06,-8.647315e-06,0.040497,38.7266,37.4727,0.36
1147,0.3,open_loop,-7.651847e-05,-7.973504e-05,-0.150383,38.7949,30.4844,0.28
1147,0.3,closed_loop,-9.612655e-06,-9.857899e-06,-0.150383,38.8184,37.5000,0.36
1184,0.3,open_loop,-8.717726e-05,-9.365676e-05,-0.187187,38.8887,29.8535,0.28
1184,0.3,closed_loop,-7.402799e-07,-1.337400e-05,-0.187187,38.8809,38.6680,0.36
1221,0.3,open_loop,-8.038101e-05,-8.577037e-05,-0.147191,38.8340,30.1738,0.29
1221,0.3,closed_loop,-4.626310e-06,-1.034377e-05,-0.147191,38.8203,37.8477,0.36
1258,0.3,open_loop,-7.689735e-05,-8.145583e-05,0.032153,38.8574,30.3672,0.28
1258,0.3,closed_loop,-5.242080e-06,-9.036256e-06,0.032153,38.9082,37.9805,0.36
1295,0.3,open_loop,-8.323981e-05,-8.641911e-05,-0.052776,38.9492,30.1035,0.29
1295,0.3,closed_loop,-5.697859e-06,-9.865450e-06,-0.052776,38.9199,37.9688,0.36
1332,0.3,open_loop,-8.356902e-05,-8.788788e-05,0.008304,38.8691,30.0449,0.28
1332,0.3,closed_loop,-8.208455e-07,-7.338432e-06,0.008304,38.8809,38.5586,0.36
1369,0.3,open_loop,-7.915931e-05,-9.352119e-05,-0.070323,38.8457,30.1367,0.28
1369,0.3,closed_loop,-5.127333e-06,-8.977950e-06,-0.070323,38.8731,38.1602,0.41
1406,0.3,open_loop,-8.173219e-05,-8.449780e-05,-0.402954,38.8340,30.1270,0.28
1406,0.3,closed_loop,-6.423263e-06,-6.136121e-06,-0.402954,38.8320,38.5215,0.36
1443,0.3,open_loop,-7.870956e-05,-7.997211e-05,-0.437123,38.8965,30.2637,0.29
1443,0.3,closed_loop,-3.233339e-06,-1.415614e-05,-0.437123,38.8691,38.1895,0.36
1480,0.3,open_loop,-8.415145e-05,-8.921926e-05,-0.295391,38.7617,29.9414,0.28
1480,0.3,closed_loop,-5.410765e-06,-1.172823e-05,-0.295391,38.8105,37.4941,0.36
1517,0.3,open_loop,-8.301460e-05,-8.624919e-05,-0.121508,38.7441,29.9609,0.29
1517,0.3,closed_loop,-8.614347e-06,-1.046849e-05,-0.121508,38.7520,37.5879,0.36
1554,0.3,open_loop,-8.159950e-05,-9.548926e-05,-0.020882,38.8789,30.0371,0.28
1554,0.3,closed_loop,-3.931578e-06,-8.559616e-06,-0.020882,38.8672,37.6211,0.36
1591,0.3,open_loop,-8.114503e-05,-8.512220e-05,-0.129543,38.8887,30.1973,0.29
1591,0.3,closed_loop,-5.399778e-06,-7.532541e-06,-0.129543,38.9082,38.8105,0.36
1628,0.3,open_loop,-7.963387e-05,-8.334422e-05,-0.130299,38.8731,30.2891,0.28
1628,0.3,closed_loop,-4.633864e-06,-6.464667e-06,-0.130299,38.8691,38.2813,0.36
1665,0.3,open_loop,-8.064063e-05,-8.467078e-05,-0.041235,38.5938,29.9238,0.29
1665,0.3,closed_loop,-8.099670e-06,-7.340200e-06,-0.041235,38.5840,38.0723,0.36
1702,0.3,open_loop,-7.987846e-05,-8.383323e-05,-0.029787,38.5742,30.0020,0.29
1702,0.3,closed_loop,-5.353700e-06,-1.333714e-05,-0.029787,38.5645,38.1348,0.37
1739,0.3,open_loop,-8.479141e-05,-8.924882e-05,-0.095613,38.9355,30.0098,0.29
1739,0.3,closed_loop,-3.054123e-06,-9.398609e-06,-0.095613,38.9258,38.1035,0.37
1776,0.3,open_loop,-8.266852e-05,-8.731513e-05,-0.116390,38.8164,30.0957,0.28
1776,0.3,closed_loop,-6.955945e-06,-6.103115e-06,-0.116390,38.8320,38.5801,0.36
1813,0.3,open_loop,-7.623642e-05,-8.137906e-05,-0.536263,38.9414,30.4844,0.29
1813,0.3,closed_loop,-4.383544e-06,-9.240001e-06,-0.536263,38.9453,38.4258,0.36
1850,0.3,open_loop,-8.430648e-05,-8.885064e-05,-0.321316,38.8594,29.9883,0.28
1850,0.3,closed_loop,-4.542998e-06,-7.929028e-06,-0.321316,38.8301,38.1074,0.36
1887,0.3,open_loop,-8.291772e-05,-8.722526e-05,-0.448322,38.8184,30.0000,0.28
1887,0.3,closed_loop,-6.834410e-06,-1.139085e-05,-0.448322,38.8184,37.0137,0.36
1924,0.3,open_loop,-8.430023e-05,-9.969355e-05,0.170371,38.9043,29.8887,0.29
1924,0.3,closed_loop,-1.252440e-06,-1.015818e-05,0.170371,38.9277,38.2637,0.36
1961,0.3,open_loop,-8.151147e-05,-8.567223e-05,-0.599597,38.7676,30.1992,0.29
1961,0.3,closed_loop,-8.793640e-06,-6.647610e-06,-0.599597,38.7773,38.3281,0.36
1998,0.3,open_loop,-8.234557e-05,-8.714302e-05,-0.165055,38.8359,30.0313,0.35
1998,0.3,closed_loop,-3.832321e-06,-9.878622e-06,-0.165055,38.8555,37.6973,0.36
2035,0.3,open_loop,-7.975288e-05,-8.432961e-05,-0.201925,38.8984,30.2676,0.29
2035,0.3,closed_loop,-2.057724e-06,-1.050792e-05,-0.201925,38.9336,38.7676,0.36
2072,0.3,open_loop,-7.913382e-05,-8.216553e-05,-0.239398,38.8320,30.3379,0.29
2072,0.3,closed_loop,-6.542511e-06,-8.616075e-06,-0.239398,38.8574,38.0879,0.36
2109,0.3,open_loop,-8.004806e-05,-8.477669e-05,-0.366019,38.7617,30.0938,0.29
2109,0.3,closed_loop,-4.829330e-06,-7.685450e-06,-0.366019,38.7695,37.5684,0.36
2146,0.3,open_loop,-8.481956e-05,-8.994044e-05,-0.118867,38.9277,30.0000,0.29
2146,0.3,closed_loop,-5.500794e-06,-9.129413e-06,-0.118867,38.9395,38.5020,0.36
2183,0.3,open_loop,-8.130682e-05,-8.635526e-05,-0.002828,38.9121,30.1758,0.28
2183,0.3,closed_loop,-3.179400e-06,-7.879721e-06,-0.002828,38.8926,37.9258,0.36
2220,0.3,open_loop,-8.688925e-05,-9.048365e-05,-0.327785,38.8164,29.8848,0.28
2220,0.3,closed_loop,-4.202881e-06,-6.979770e-06,-0.327785,38.8105,37.9277,0.36
2257,0.3,open_loop,-7.885170e-05,-8.329427e-05,-0.208957,38.8672,30.3027,0.29
2257,0.3,closed_loop,-2.263261e-06,-9.858542e-06,-0.208957,38.8984,38.3145,0.36
2294,0.3,open_loop,-7.886742e-05,-8.419727e-05,-0.402396,38.8555,30.4551,0.28
2294,0.3,closed_loop,-4.190368e-06,-1.146915e-05,-0.402396,38.8320,37.7109,0.36
2331,0.3,open_loop,-8.164894e-05,-8.630877e-05,-0.260950,38.9004,30.2695,0.29
2331,0.3,closed_loop,-3.127824e-06,-7.880683e-06,-0.260950,38.8828,37.7988,0.36
2368,0.3,open_loop,-9.376205e-05,-8.450061e-05,-0.537004,38.8750,29.9102,0.29
2368,0.3,closed_loop,-1.470589e-05,-1.701276e-06,-0.537004,38.8672,38.5371,0.36
2405,0.3,open_loop,-8.154060e-05,-8.640208e-05,-0.314218,38.8672,30.1074,0.28
2405,0.3,closed_loop,-3.612289e-06,-1.237946e-05,-0.314218,38.8887,37.7344,0.36
2442,0.3,open_loop,-7.930656e-05,-8.314794e-05,-0.367869,38.9180,30.3301,0.28
2442,0.3,closed_loop,-7.405548e-06,-6.889263e-06,-0.367869,38.9238,38.8340,0.36
2479,0.3,open_loop,-8.618582e-05,-8.978519e-05,-0.134145,38.9238,29.9805,0.28
2479,0.3,closed_loop,-7.787398e-06,-5.757783e-06,-0.134145,38.9082,38.9180,0.36
2516,0.3,open_loop,-7.585808e-05,-7.993927e-05,-0.087875,38.7207,30.3750,0.29
2516,0.3,closed_loop,-5.511166e-06,-8.087478e-06,-0.087875,38.7227,37.9258,0.36
2553,0.3,open_loop,-7.747948e-05,-8.231732e-05,-0.430397,38.8867,30.3887,0.29
2553,0.3,closed_loop,-3.794326e-06,-1.228525e-05,-0.430397,38.8887,38.1172,0.36
2590,0.3,open_loop,-8.093003e-05,-8.471270e-05,-0.321450,38.6777,29.9902,0.29
2590,0.3,closed_loop,-5.100405e-06,-8.066278e-06,-0.321450,38.6563,37.9688,0.36
2627,0.3,open_loop,-8.036636e-05,-8.493627e-05,-0.184764,38.8184,30.1543,0.28
2627,0.3,closed_loop,-2.419202e-06,-9.012886e-06,-0.184764,38.8418,38.2305,0.36
2664,0.3,open_loop,-7.768240e-05,-8.586393e-05,-0.195919,38.5254,30.1055,0.29
2664,0.3,closed_loop,-5.707471e-06,-1.411639e-05,-0.195919,38.5098,38.4375,0.36
2701,0.3,open_loop,-9.247154e-05,-9.074603e-05,-0.334063,38.8477,30.0645,0.29
2701,0.3,closed_loop,-8.193512e-06,-5.499750e-06,-0.334063,38.9141,39.0000,0.44
2738,0.3,open_loop,-8.851082e-05,-8.973839e-05,-0.107727,38.9180,29.8887,0.29
2738,0.3,closed_loop,-9.063491e-06,-7.376178e-06,-0.107727,38.9297,38.3379,0.37
2775,0.3,open_loop,-8.185928e-05,-8.559241e-05,-0.505672,38.7871,30.0488,0.29
2775,0.3,closed_loop,-6.709520e-06,-5.817775e-06,-0.505672,38.7891,37.9863,0.36
2812,0.3,open_loop,-8.917198e-05,-9.387328e-05,-0.368817,38.7324,29.5547,0.29
2812,0.3,closed_loop,-1.070900e-05,-7.709782e-06,-0.368817,38.7637,37.6250,0.36
2849,0.3,open_loop,-8.624662e-05,-9.315145e-05,-0.012568,38.8770,29.9043,0.28
2849,0.3,closed_loop,-4.650881e-07,-1.177842e-05,-0.012568,38.8516,38.7031,0.36
2886,0.3,open_loop,-7.818513e-05,-8.241641e-05,-0.224712,38.9219,30.3789,0.29
2886,0.3,closed_loop,-3.305893e-06,-7.563058e-06,-0.224712,38.9063,38.2754,0.37
2923,0.3,open_loop,-7.458405e-05,-7.932531e-05,-0.106849,38.6641,30.3750,0.29
2923,0.3,closed_loop,-5.217360e-06,-1.551570e-05,-0.106849,38.6797,38.4551,0.36
2960,0.3,open_loop,-7.594895e-05,-8.244653e-05,-0.191123,38.8633,30.4453,0.28
2960,0.3,closed_loop,-2.695235e-06,-1.117305e-05,-0.191123,38.8281,37.9277,0.36
2997,0.3,open_loop,-7.736106e-05,-8.187663e-05,0.188109,38.7930,30.4277,0.28
2997,0.3,closed_loop,-2.519150e-06,-1.835086e-05,0.188109,38.8008,38.4980,0.36
3034,0.3,open_loop,-7.729974e-05,-8.210642e-05,-0.340392,38.6875,30.2051,0.29
3034,0.3,closed_loop,-6.644745e-06,-1.087783e-05,-0.340392,38.6738,37.8809,0.36
3071,0.3,open_loop,-7.908233e-05,-8.360121e-05,-0.299770,38.6367,30.0508,0.28
3071,0.3,closed_loop,-2.741546e-06,-1.196875e-05,-0.299770,38.6484,38.0859,0.36
3108,0.3,open_loop,-8.141959e-05,-8.561296e-05,-0.298981,38.7246,30.0313,0.28
3108,0.3,closed_loop,-4.436873e-06,-1.137478e-05,-0.298981,38.7441,37.8477,0.36
3145,0.3,open_loop,-8.087774e-05,-8.410450e-05,-0.387491,38.9043,30.2305,0.28
3145,0.3,closed_loop,-3.076936e-06,-8.374988e-06,-0.387491,38.8672,37.9258,0.36
3182,0.3,open_loop,-8.214011e-05,-8.672139e-05,-0.057482,38.8184,30.0430,0.29
3182,0.3,closed_loop,-3.962326e-06,-1.115634e-05,-0.057482,38.8027,38.3047,0.37
3219,0.3,open_loop,-8.382615e-05,-8.752393e-05,-0.493129,38.9121,30.0605,0.29
3219,0.3,closed_loop,-5.065691e-06,-7.984441e-06,-0.493129,38.9121,38.1875,0.37
3256,0.3,open_loop,-8.088881e-05,-8.553651e-05,0.163866,38.7363,29.9160,0.29
3256,0.3,closed_loop,-3.562472e-06,-7.475602e-06,0.163866,38.7305,37.6172,0.37
3293,0.3,open_loop,-8.525497e-05,-8.966939e-05,-0.059599,38.8379,29.8887,0.29
3293,0.3,closed_loop,-6.120909e-06,-6.784459e-06,-0.059599,38.8672,38.7891,0.37
3330,0.3,open_loop,-8.339545e-05,-8.742780e-05,0.113282,38.7793,29.9336,0.29
3330,0.3,closed_loop,-2.800597e-06,-7.886627e-06,0.113282,38.8008,38.4766,0.37
3367,0.3,open_loop,-7.783897e-05,-8.186957e-05,-0.580770,38.8633,30.3027,0.29
3367,0.3,closed_loop,-4.880525e-06,-8.085952e-06,-0.580770,38.8809,38.4551,0.36
3404,0.3,open_loop,-8.916494e-05,-9.635890e-05,-0.119684,38.8242,29.7168,0.29
3404,0.3,closed_loop,-1.474381e-06,-9.820797e-06,-0.119684,38.8496,38.7188,0.37
3441,0.3,open_loop,-8.035439e-05,-8.510805e-05,-0.478202,38.7090,30.0234,0.29
3441,0.3,closed_loop,-5.342026e-06,-1.433322e-05,-0.478202,38.6914,37.5996,0.36
3478,0.3,open_loop,-8.610329e-05,-9.062016e-05,-0.170716,38.8926,30.0313,0.29
3478,0.3,closed_loop,-3.409346e-06,-1.472826e-05,-0.170716,38.9160,38.4648,0.36
3515,0.3,open_loop,-7.954985e-05,-8.382560e-05,-0.369444,38.8750,30.3008,0.29
3515,0.3,closed_loop,-7.846221e-06,-7.758609e-06,-0.369444,38.8203,37.9648,0.36
3552,0.3,open_loop,-7.845587e-05,-8.471237e-05,-0.310387,38.8438,30.3770,0.29
3552,0.3,closed_loop,-4.411012e-06,-8.964777e-06,-0.310387,38.8477,37.7734,0.46
3589,0.3,open_loop,-8.115165e-05,-8.607466e-05,-0.263780,38.8965,30.1758,0.29
3589,0.3,closed_loop,-3.109281e-06,-1.073881e-05,-0.263780,38.8965,37.8223,0.37
3626,0.3,open_loop,-8.463638e-05,-8.937490e-05,-0.388210,38.8984,29.9883,0.29
3626,0.3,closed_loop,-4.280699e-06,-6.922913e-06,-0.388210,38.8945,37.9297,0.36
3663,0.3,open_loop,-9.835901e-05,-7.808749e-05,-0.401314,38.8555,30.2832,0.28
3663,0.3,closed_loop,-1.157433e-05,-4.085258e-06,-0.401314,38.8633,38.6660,0.36
0,0.5,open_loop,-9.569908e-05,-1.008557e-04,0.077499,38.9941,30.0703,0.29
0,0.5,closed_loop,-4.515075e-06,-1.311372e-05,0.077499,38.9766,37.9180,0.36
37,0.5,open_loop,-7.605537e-05,-8.107300e-05,0.060700,38.8164,30.4980,0.29
37,0.5,closed_loop,-1.218506e-05,-1.543763e-05,0.060700,38.8281,37.8477,0.36
74,0.5,open_loop,-7.569556e-05,-8.147237e-05,-0.035174,38.5430,30.1738,0.29
74,0.5,closed_loop,-2.848510e-06,-1.456596e-05,-0.035174,38.5430,38.0781,0.37
111,0.5,open_loop,-8.357260e-05,-8.306634e-05,0.407289,38.6406,29.6699,0.29
111,0.5,closed_loop,-8.485638e-06,-6.720932e-06,0.407289,38.6172,37.0020,0.36
148,0.5,open_loop,-8.110412e-05,-8.729312e-05,-0.075150,38.9648,30.2539,0.29
148,0.5,closed_loop,-2.700958e-06,-8.659844e-06,-0.075150,38.9551,38.3184,0.36
185,0.5,open_loop,-9.404832e-05,-1.053253e-04,0.022677,39.2695,29.7813,0.29
185,0.5,closed_loop,-8.055574e-06,-1.217780e-05,0.022677,39.2773,37.9336,0.36
222,0.5,open_loop,-7.482047e-05,-8.061851e-05,0.303660,38.5859,30.4082,0.28
222,0.5,closed_loop,-3.103484e-06,-1.168670e-05,0.303660,38.5957,37.5059,0.36
259,0.5,open_loop,-7.960288e-05,-8.430376e-05,-0.432551,38.6777,30.0547,0.28
259,0.5,closed_loop,-6.583175e-06,-1.012252e-05,-0.432551,38.6699,37.5742,0.36
296,0.5,open_loop,-8.364296e-05,-8.929089e-05,-0.326238,38.9453,30.1582,0.29
296,0.5,closed_loop,-5.294114e-06,-1.381314e-05,-0.326238,38.9395,38.0781,0.36
333,0.5,open_loop,-9.634499e-05,-8.738387e-05,-0.334637,39.1543,29.9805,0.29
333,0.5,closed_loop,-1.594833e-05,-4.260334e-06,-0.334637,39.1641,37.8281,0.37
370,0.5,open_loop,-7.936089e-05,-8.346043e-05,0.062499,38.6680,30.1191,0.29
370,0.5,closed_loop,-5.229339e-06,-9.790039e-06,0.062499,38.6699,38.0410,0.37
407,0.5,open_loop,-1.083033e-04,-8.839434e-05,-0.122688,38.9824,30.1328,0.29
407,0.5,closed_loop,-1.317924e-05,-2.391774e-06,-0.122688,38.9785,38.3359,0.37
444,0.5,open_loop,-8.007255e-05,-8.228030e-05,0.092516,38.6621,30.1445,0.29
444,0.5,closed_loop,-1.069298e-05,-6.753861e-06,0.092516,38.6504,38.2070,0.37
481,0.5,open_loop,-8.130568e-05,-8.607064e-05,-0.087688,38.5449,29.9473,0.29
481,0.5,closed_loop,-9.562831e-06,-1.908200e-05,-0.087688,38.5293,38.4199,0.37
518,0.5,open_loop,-7.967636e-05,-8.346566e-05,-0.144484,38.5469,29.9922,0.29
518,0.5,closed_loop,-5.579755e-06,-9.700655e-06,-0.144484,38.5391,37.6074,0.36
555,0.5,open_loop,-8.119194e-05,-8.585093e-05,-0.073724,38.8574,30.1289,0.29
555,0.5,closed_loop,-6.271207e-06,-1.109715e-05,-0.073724,38.8613,37.6895,0.36
592,0.5,open_loop,-7.537619e-05,-9.034560e-05,0.057180,38.5352,30.1973,0.28
592,0.5,closed_loop,-9.649961e-06,-9.652712e-06,0.057180,38.5410,37.7676,0.36
629,0.5,open_loop,-8.548965e-05,-8.802699e-05,0.230900,38.7324,29.8379,0.29
629,0.5,closed_loop,-9.661943e-06,-7.712032e-06,0.230900,38.7559,38.3789,0.36
666,0.5,open_loop,-8.984200e-05,-9.028015e-05,-0.313643,38.8926,30.0313,0.29
666,0.5,closed_loop,-8.105616e-06,-1.719577e-05,-0.313643,38.8652,37.2441,0.36
703,0.5,open_loop,-7.818549e-05,-8.347232e-05,-0.042241,38.6152,30.0938,0.29
703,0.5,closed_loop,-4.374619e-06,-1.139751e-05,-0.042241,38.6250,37.5840,0.36
740,0.5,open_loop,-8.522804e-05,-9.037964e-05,-0.188739,38.9473,30.0195,0.28
740,0.5,closed_loop,-1.159287e-06,-1.247189e-05,-0.188739,38.9434,38.5039,0.36
777,0.5,open_loop,-7.759735e-05,-8.316465e-05,0.135018,38.4102,30.1055,0.29
777,0.5,closed_loop,-5.204772e-06,-2.180119e-05,0.135018,38.4082,37.9238,0.36
814,0.5,open_loop,-7.424576e-05,-7.655864e-05,-0.261690,38.5430,30.2773,0.29
814,0.5,closed_loop,-6.697765e-06,-1.396436e-05,-0.261690,38.5176,37.3164,0.36
851,0.5,open_loop,-7.840515e-05,-8.839482e-05,0.167006,38.6953,30.0664,0.29
851,0.5,closed_loop,-6.890411e-06,-1.781013e-05,0.167006,38.7188,37.1680,0.49
888,0.5,open_loop,-8.497421e-05,-8.941410e-05,0.027465,38.9082,29.9551,0.29
888,0.5,closed_loop,-6.397323e-06,-1.287055e-05,0.027465,38.8965,36.8750,0.36
925,0.5,open_loop,-7.203712e-05,-7.982851e-05,-0.265977,38.4941,30.4336,0.29
925,0.5,closed_loop,-1.057617e-05,-7.402360e-06,-0.265977,38.4785,38.2598,0.37
962,0.5,open_loop,-8.783279e-05,-9.066443e-05,0.016394,38.7734,29.7422,0.29
962,0.5,closed_loop,-5.391311e-06,-8.224005e-06,0.016394,38.7500,37.5801,0.37
999,0.5,open_loop,-8.176537e-05,-8.594883e-05,-0.378984,38.8789,30.2168,0.29
999,0.5,closed_loop,-9.220737e-06,-7.232425e-06,-0.378984,38.8887,38.2207,0.37
1036,0.5,open_loop,-9.132308e-05,-9.372544e-05,0.147660,38.8359,29.9883,0.29
1036,0.5,closed_loop,-2.127281e-05,-1.103724e-05,0.147660,38.8262,37.1992,0.37
1073,0.5,open_loop,-8.893768e-05,-1.036994e-04,0.280683,38.5605,29.9512,0.28
1073,0.5,closed_loop,-2.179871e-06,-1.909420e-05,0.280683,38.5625,37.7617,0.36
1110,0.5,open_loop,-7.433203e-05,-7.701881e-05,0.145938,38.4785,30.3398,0.28
1110,0.5,closed_loop,-5.019911e-06,-9.425434e-06,0.145938,38.4785,38.4219,0.36
1147,0.5,open_loop,-7.125915e-05,-7.646155e-05,-0.013268,38.4434,30.2754,0.28
1147,0.5,closed_loop,-5.201417e-06,-1.346733e-05,-0.013268,38.4199,37.2520,0.36
1184,0.5,open_loop,-8.544471e-05,-9.009126e-05,-0.038897,38.8848,30.0352,0.28
1184,0.5,closed_loop,-2.055360e-06,-1.448035e-05,-0.038897,38.8887,38.4082,0.36
1221,0.5,open_loop,-8.078941e-05,-8.471841e-05,-0.024766,38.8789,30.1816,0.29
1221,0.5,closed_loop,-2.922136e-06,-1.027206e-05,-0.024766,38.8887,37.9102,0.36
1258,0.5,open_loop,-8.343101e-05,-8.610181e-05,0.130718,38.9668,29.9805,0.29
1258,0.5,closed_loop,-5.562668e-06,-1.107949e-05,0.130718,38.9395,37.6797,0.36
1295,0.5,open_loop,-8.105125e-05,-8.737302e-05,0.063729,38.9805,30.3066,0.28
1295,0.5,closed_loop,-9.944232e-06,-1.810873e-05,0.063729,38.9492,38.2715,0.36
1332,0.5,open_loop,-7.496734e-05,-7.936272e-05,0.170531,38.6523,30.3711,0.28
1332,0.5,closed_loop,-8.868253e-06,-1.282943e-05,0.170531,38.6504,38.1777,0.36
1369,0.5,open_loop,-8.392287e-05,-9.893806e-05,0.146562,38.9883,29.9883,0.28
1369,0.5,closed_loop,-3.647922e-06,-9.423266e-06,0.146562,38.9570,37.7188,0.36
1406,0.5,open_loop,-7.904547e-05,-8.305543e-05,-0.261235,38.8379,30.2148,0.28
1406,0.5,closed_loop,-6.880188e-06,-1.133664e-05,-0.261235,38.8438,37.2266,0.36
1443,0.5,open_loop,-8.293083e-05,-8.111845e-05,-0.271308,38.7910,30.0352,0.28
1443,0.5,closed_loop,-5.112381e-06,-1.904128e-05,-0.271308,38.7539,37.7168,0.36
1480,0.5,open_loop,-7.359045e-05,-7.740165e-05,-0.207365,38.4531,30.2090,0.29
1480,0.5,closed_loop,-5.067522e-06,-1.081190e-05,-0.207365,38.4336,37.8379,0.36
1517,0.5,open_loop,-8.121178e-05,-8.550374e-05,0.141569,38.7422,30.0410,0.29
1517,0.5,closed_loop,-4.196853e-06,-1.197156e-05,0.141569,38.7734,37.3574,0.36
1554,0.5,open_loop,-8.041556e-05,-8.521889e-05,0.010826,38.7441,30.0703,0.29
1554,0.5,closed_loop,-6.376341e-06,-1.491964e-05,0.010826,38.7637,37.2520,0.36
1591,0.5,open_loop,-8.410332e-05,-8.881852e-05,0.051294,38.8887,30.0391,0.28
1591,0.5,closed_loop,-6.971739e-07,-1.304032e-05,0.051294,38.9121,38.9395,0.36
1628,0.5,open_loop,-8.096595e-05,-9.687563e-05,-0.076924,38.7500,29.9824,0.29
1628,0.5,closed_loop,-4.784624e-06,-8.288735e-06,-0.076924,38.7500,37.5996,0.36
1665,0.5,open_loop,-8.815886e-05,-9.277737e-05,0.020417,38.4883,30.0469,0.29
1665,0.5,closed_loop,-8.832473e-06,-7.097747e-06,0.020417,38.4844,38.0059,0.36
1702,0.5,open_loop,-7.315733e-05,-8.111756e-05,0.199724,38.4512,30.1387,0.29
1702,0.5,closed_loop,-4.359055e-06,-1.092144e-05,0.199724,38.4434,37.3242,0.36
1739,0.5,open_loop,-8.486945e-05,-8.975515e-05,0.221255,38.9063,30.0801,0.29
1739,0.5,closed_loop,-2.795943e-06,-1.941978e-05,0.221255,38.8926,38.1484,0.37
1776,0.5,open_loop,-7.975775e-05,-8.391329e-05,0.188960,38.4160,29.9648,0.29
1776,0.5,closed_loop,-1.491730e-05,-6.344121e-06,0.188960,38.4082,38.4668,0.37
1813,0.5,open_loop,-8.266189e-05,-8.687479e-05,-0.441972,38.9219,30.1367,0.29
1813,0.5,closed_loop,-6.832656e-06,-6.465070e-06,-0.441972,38.8965,38.7656,0.37
1850,0.5,open_loop,-9.083664e-05,-8.003403e-05,-0.156874,38.8262,29.9668,0.29
1850,0.5,closed_loop,-1.284424e-05,-5.572107e-06,-0.156874,38.8203,37.6953,0.37
1887,0.5,open_loop,-8.325882e-05,-9.180586e-05,-0.349634,38.8047,29.8711,0.29
1887,0.5,closed_loop,-4.772949e-06,-1.135495e-05,-0.349634,38.8105,38.1230,0.37
1924,0.5,open_loop,-8.484229e-05,-9.815591e-05,0.240545,38.8301,29.9453,0.29
1924,0.5,closed_loop,-7.500839e-06,-7.245436e-06,0.240545,38.9063,38.9746,0.37
1961,0.5,open_loop,-7.674827e-05,-8.112166e-05,-0.442900,38.4863,30.1992,0.29
1961,0.5,closed_loop,-7.622068e-06,-1.803460e-05,-0.442900,38.4824,38.1973,0.37
1998,0.5,open_loop,-8.653480e-05,-9.068876e-05,-0.087868,38.9082,30.1328,0.29
1998,0.5,closed_loop,-6.444853e-06,-6.787509e-06,-0.087868,38.8945,38.5664,0.36
2035,0.5,open_loop,-7.526144e-05,-7.884087e-05,0.012702,38.8047,30.4395,0.29
2035,0.5,closed_loop,-5.311737e-06,-9.617534e-06,0.012702,38.8223,37.8926,0.37
2072,0.5,open_loop,-8.133260e-05,-8.756432e-05,-0.053431,38.6074,30.0938,0.43
2072,0.5,closed_loop,-4.120865e-06,-2.892456e-05,-0.053431,38.6328,38.3535,0.36
2109,0.5,open_loop,-1.005983e-04,-8.033655e-05,-0.311258,38.4590,29.9121,0.30
2109,0.5,closed_loop,-1.408638e-05,-8.563153e-06,-0.311258,38.4570,37.4160,0.37
2146,0.5,open_loop,-8.469215e-05,-8.839658e-05,-0.012277,38.9453,30.2207,0.29
2146,0.5,closed_loop,-8.572160e-06,-6.831040e-06,-0.012277,38.9434,38.8398,0.37
2183,0.5,open_loop,-8.337021e-05,-8.309093e-05,0.194396,38.9980,29.9785,0.29
2183,0.5,closed_loop,-3.719025e-06,-7.900597e-06,0.194396,38.9844,38.0742,0.37
2220,0.5,open_loop,-9.193114e-05,-8.322985e-05,-0.043803,38.9414,30.3516,0.29
2220,0.5,closed_loop,-9.992216e-06,-1.012991e-05,-0.043803,38.9668,38.9160,0.37
2257,0.5,open_loop,-8.593117e-05,-1.005589e-04,-0.109111,38.9043,29.9609,0.29
2257,0.5,closed_loop,-6.182022e-06,-5.937678e-06,-0.109111,38.9668,38.8320,0.37
2294,0.5,open_loop,-7.641380e-05,-8.250177e-05,-0.325648,38.8027,30.4531,0.29
2294,0.5,closed_loop,-3.537672e-06,-1.484921e-05,-0.325648,38.8027,37.8359,0.37
2331,0.5,open_loop,-7.147621e-05,-7.407241e-05,0.058305,38.5234,30.4316,0.29
2331,0.5,closed_loop,-6.156996e-06,-8.976343e-06,0.058305,38.5078,38.4473,0.37
2368,0.5,open_loop,-9.196770e-05,-9.090592e-05,-0.469891,38.9648,30.3262,0.29
2368,0.5,closed_loop,-1.919769e-05,-1.641171e-05,-0.469891,38.9316,38.7598,0.37
2405,0.5,open_loop,-8.261741e-05,-8.767426e-05,-0.140890,38.8145,30.0586,0.29
2405,0.5,closed_loop,-4.569702e-06,-9.284891e-06,-0.140890,38.7656,38.1211,0.36
2442,0.5,open_loop,-8.740577e-05,-9.202872e-05,-0.226796,39.0020,29.9922,0.30
2442,0.5,closed_loop,-7.262342e-06,-1.290998e-05,-0.226796,38.9648,37.4082,0.37
2479,0.5,open_loop,-8.313797e-05,-8.780533e-05,-0.028733,38.9180,30.0664,0.29
2479,0.5,closed_loop,-3.228301e-06,-9.209643e-06,-0.028733,38.9297,38.7813,0.37
2516,0.5,open_loop,-7.606964e-05,-8.008247e-05,0.161945,38.6875,30.4609,0.29
2516,0.5,closed_loop,-1.270119e-05,-7.047635e-06,0.161945,38.6797,37.7754,0.37
2553,0.5,open_loop,-8.427337e-05,-8.883353e-05,-0.308192,38.8984,29.9961,0.29
2553,0.5,closed_loop,-2.404403e-06,-8.813878e-06,-0.308192,38.8770,38.8203,0.37
2590,0.5,open_loop,-8.045837e-05,-9.619830e-05,0.080515,38.8574,30.0059,0.30
2590,0.5,closed_loop,-1.591644e-06,-6.923232e-06,0.080515,38.8555,38.2852,0.37
2627,0.5,open_loop,-8.589271e-05,-9.189975e-05,-0.143624,38.8906,30.0020,0.29
2627,0.5,closed_loop,-4.355925e-06,-2.220194e-05,-0.143624,38.9160,38.7051,0.37
2664,0.5,open_loop,-7.859428e-05,-9.368028e-05,0.082070,38.5508,30.0176,0.29
2664,0.5,closed_loop,-3.621750e-06,-1.078507e-05,0.082070,38.5488,37.6680,0.36
2701,0.5,open_loop,-8.978210e-05,-9.526109e-05,-0.252807,38.8008,29.7031,0.29
2701,0.5,closed_loop,-4.286880e-06,-1.287833e-05,-0.252807,38.8047,37.4746,0.37
2738,0.5,open_loop,-7.706457e-05,-8.207156e-05,0.021768,38.7930,30.3105,0.29
2738,0.5,closed_loop,-1.517868e-06,-6.437361e-06,0.021768,38.7734,38.1309,0.37
2775,0.5,open_loop,-8.456062e-05,-9.992402e-05,-0.401306,38.7539,29.9082,0.29
2775,0.5,closed_loop,-4.280549e-06,-1.257718e-05,-0.401306,38.7656,38.1563,0.37
2812,0.5,open_loop,-8.764251e-05,-8.606968e-05,-0.203385,38.8848,29.8574,0.29
2812,0.5,closed_loop,-4.035799e-06,-1.439378e-05,-0.203385,38.8984,37.5938,0.37
2849,0.5,open_loop,-9.704414e-05,-1.014804e-04,0.238908,38.9746,29.8828,0.29
2849,0.5,closed_loop,-2.331801e-05,-4.017181e-05,0.238908,38.9766,38.2617,0.37
2886,0.5,open_loop,-8.431336e-05,-8.875573e-05,-0.077760,38.9238,30.0605,0.29
2886,0.5,closed_loop,-1.998673e-06,-1.121794e-05,-0.077760,38.8965,38.2305,0.37
2923,0.5,open_loop,-7.339936e-05,-7.917850e-05,0.267244,38.4609,30.4063,0.29
2923,0.5,closed_loop,-8.558656e-07,-2.035868e-05,0.267244,38.4434,38.2988,0.36
2960,0.5,open_loop,-9.064416e-05,-9.584833e-05,-0.065757,38.8066,30.0234,0.29
2960,0.5,closed_loop,-6.086425e-06,-1.591090e-05,-0.065757,38.8184,37.6699,0.36
2997,0.5,open_loop,-8.506454e-05,-8.948821e-05,0.471713,38.9629,30.2793,0.29
2997,0.5,closed_loop,-3.063202e-06,-1.522482e-05,0.471713,38.9492,38.6953,0.37
3034,0.5,open_loop,-8.353141e-05,-8.959784e-05,-0.130777,38.7930,29.9707,0.29
3034,0.5,closed_loop,-3.769454e-06,-1.337096e-05,-0.130777,38.7617,37.9785,0.36
3071,0.5,open_loop,-7.461334e-05,-7.963441e-05,-0.041730,38.4785,30.1777,0.29
3071,0.5,closed_loop,-8.388440e-06,-1.203468e-05,-0.041730,38.4590,37.2422,0.36
3108,0.5,open_loop,-7.815841e-05,-8.314521e-05,-0.255269,38.8516,30.3242,0.29
3108,0.5,closed_loop,-3.848570e-06,-9.145478e-06,-0.255269,38.8398,38.2695,0.37
3145,0.5,open_loop,-8.632073e-05,-9.091091e-05,-0.048504,38.9824,30.0078,0.29
3145,0.5,closed_loop,-2.706375e-06,-7.602008e-06,-0.048504,38.9805,38.0957,0.38
3182,0.5,open_loop,-7.397146e-05,-7.925077e-05,0.150648,38.6758,30.5137,0.29
3182,0.5,closed_loop,-5.779039e-06,-1.106174e-05,0.150648,38.6914,38.0488,0.37
3219,0.5,open_loop,-8.188857e-05,-9.824652e-05,-0.337290,38.9395,30.3223,0.29
3219,0.5,closed_loop,-1.130142e-06,-3.419574e-05,-0.337290,38.9238,38.6172,0.37
3256,0.5,open_loop,-8.146132e-05,-8.208408e-05,0.288087,38.6504,29.9316,0.29
3256,0.5,closed_loop,-1.289024e-05,-7.522582e-06,0.288087,38.6523,37.9395,0.37
3293,0.5,open_loop,-9.332025e-05,-9.920734e-05,0.062966,38.7910,29.8125,0.29
3293,0.5,closed_loop,-4.547272e-06,-1.024668e-05,0.062966,38.7969,37.2617,0.37
3330,0.5,open_loop,-8.786636e-05,-1.104783e-04,0.330543,38.5117,29.8945,0.29
3330,0.5,closed_loop,-3.751450e-06,-4.817593e-05,0.330543,38.4863,37.6641,0.37
3367,0.5,open_loop,-7.666296e-05,-8.558211e-05,-0.409028,38.9375,30.6855,0.29
3367,0.5,closed_loop,-1.051940e-06,-1.646913e-05,-0.409028,38.9297,38.8555,0.37
3404,0.5,open_loop,-8.195724e-05,-8.626974e-05,-0.045833,38.6738,29.9902,0.29
3404,0.5,closed_loop,-7.172699e-06,-8.308089e-06,-0.045833,38.6875,37.6016,0.37
3441,0.5,open_loop,-8.814118e-05,-9.280910e-05,-0.271016,38.3574,29.4512,0.29
3441,0.5,closed_loop,-7.010956e-06,-1.034385e-05,-0.271016,38.3809,37.5645,0.36
3478,0.5,open_loop,-8.210067e-05,-8.082089e-05,-0.008867,38.4961,30.1641,0.29
3478,0.5,closed_loop,-1.731107e-07,-2.440121e-05,-0.008867,38.4883,38.4902,0.53
3515,0.5,open_loop,-8.105965e-05,-8.460902e-05,-0.252576,38.5664,29.9316,0.29
3515,0.5,closed_loop,-8.283611e-06,-1.066718e-05,-0.252576,38.5566,37.4883,0.37
3552,0.5,open_loop,-7.863433e-05,-8.300162e-05,0.034684,38.7676,30.1934,0.29
3552,0.5,closed_loop,-7.053450e-06,-1.092569e-05,0.034684,38.7695,37.2910,0.37
3589,0.5,open_loop,-8.410568e-05,-8.913912e-05,-0.073639,38.9414,30.0586,0.29
3589,0.5,closed_loop,-4.394225e-06,-9.623634e-06,-0.073639,38.9531,37.6211,0.36
3626,0.5,open_loop,-8.568243e-05,-9.279542e-05,-0.210337,38.9570,30.1270,0.29
3626,0.5,closed_loop,-2.645871e-07,-1.446405e-05,-0.210337,38.9688,38.9961,0.37
3663,0.5,open_loop,-8.012314e-05,-7.929888e-05,-0.138094,38.6914,30.0117,0.29
3663,0.5,closed_loop,-6.739807e-06,-1.809259e-05,-0.138094,38.6992,36.7461,0.37
0,0.7,open_loop,-9.398461e-05,-9.637941e-05,0.349077,39.5195,30.1738,0.29
0,0.7,closed_loop,-1.175263e-05,-1.467318e-05,0.349077,39.4863,38.0059,0.37
37,0.7,open_loop,-8.207924e-05,-8.741928e-05,0.230338,38.8945,30.4277,0.29
37,0.7,closed_loop,-1.067581e-05,-2.746790e-05,0.230338,38.8984,37.2031,0.36
74,0.7,open_loop,-6.887825e-05,-8.070549e-05,0.171705,37.8008,30.0566,0.29
74,0.7,closed_loop,-7.450486e-06,-2.672633e-05,0.171705,37.8145,36.9766,0.36
111,0.7,open_loop,-7.438537e-05,-7.675420e-05,0.552295,38.4668,30.4395,0.29
111,0.7,closed_loop,-5.452731e-07,-2.599768e-05,0.552295,38.4570,38.4980,0.37
148,0.7,open_loop,-7.984696e-05,-8.891423e-05,0.189234,39.0703,30.4453,0.29
148,0.7,closed_loop,-3.089903e-06,-1.120035e-05,0.189234,39.0684,37.9277,0.37
185,0.7,open_loop,-1.292281e-04,-1.296144e-04,0.363732,40.4434,30.0195,0.29
185,0.7,closed_loop,-2.369469e-05,-3.609787e-05,0.363732,40.4023,38.9082,0.37
222,0.7,open_loop,-8.105698e-05,-8.122534e-05,0.458942,37.9863,30.6504,0.29
222,0.7,closed_loop,-9.489594e-06,-6.332831e-05,0.458942,38.0000,37.6836,0.37
259,0.7,open_loop,-7.177658e-05,-7.933524e-05,-0.156716,38.4629,30.3770,0.29
259,0.7,closed_loop,-6.648254e-06,-1.802247e-05,-0.156716,38.4590,37.1895,0.37
296,0.7,open_loop,-1.045354e-04,-1.172674e-04,-0.081810,39.4395,30.0469,0.30
296,0.7,closed_loop,-1.074768e-05,-7.045641e-05,-0.081810,39.4082,38.6543,0.37
333,0.7,open_loop,-1.116183e-04,-1.190773e-04,-0.137711,40.6484,30.1973,0.29
333,0.7,closed_loop,-1.040573e-06,-7.455767e-06,-0.137711,40.6309,40.0977,0.37
370,0.7,open_loop,-7.788825e-05,-8.201502e-05,0.352269,38.3750,30.0605,0.29
370,0.7,closed_loop,-1.829525e-07,-2.070931e-05,0.352269,38.4355,38.4590,0.37
407,0.7,open_loop,-1.017058e-04,-1.024871e-04,0.031296,39.6563,30.0547,0.29
407,0.7,closed_loop,-5.923077e-06,-1.086811e-05,0.031296,39.6465,38.0820,0.36
444,0.7,open_loop,-7.089927e-05,-7.285195e-05,0.330586,37.9336,30.0684,0.29
444,0.7,closed_loop,-1.281845e-05,-1.476593e-05,0.330586,37.9395,36.3926,0.37
481,0.7,open_loop,-6.792053e-05,-8.078483e-05,0.076330,37.8984,30.2383,0.30
481,0.7,closed_loop,-4.159546e-06,-3.129263e-05,0.076330,37.9004,37.0684,0.37
518,0.7,open_loop,-6.350106e-05,-6.772381e-05,0.080240,37.3750,30.0723,0.29
518,0.7,closed_loop,-3.786314e-06,-2.559525e-05,0.080240,37.3652,36.6816,0.37
555,0.7,open_loop,-8.485321e-05,-1.124675e-04,0.166795,38.9277,30.5410,0.29
555,0.7,closed_loop,-9.049528e-06,-5.837795e-05,0.166795,38.8848,38.2441,0.37
592,0.7,open_loop,-7.181640e-05,-9.336996e-05,0.255729,37.9981,30.5137,0.29
592,0.7,closed_loop,-5.262829e-06,-5.797769e-05,0.255729,37.9629,37.9570,0.36
629,0.7,open_loop,-9.051415e-05,-8.433515e-05,0.359538,38.1543,30.4961,0.29
629,0.7,closed_loop,-1.993591e-05,-6.828227e-06,0.359538,38.1074,37.4980,0.37
666,0.7,open_loop,-8.911156e-05,-8.904700e-05,-0.162153,38.9805,30.3105,0.29
666,0.7,closed_loop,-3.266830e-06,-2.519033e-05,-0.162153,38.9727,37.9434,0.37
703,0.7,open_loop,-8.137520e-05,-9.202447e-05,0.077560,38.6992,30.0996,0.29
703,0.7,closed_loop,-1.230720e-05,-3.707645e-05,0.077560,38.6914,37.8418,0.37
740,0.7,open_loop,-8.905951e-05,-9.378733e-05,-0.091326,39.4531,30.2832,0.29
740,0.7,closed_loop,-5.503081e-07,-5.926753e-06,-0.091326,39.4180,39.0723,0.37
777,0.7,open_loop,-6.829170e-05,-6.937689e-05,0.452616,37.6191,30.1836,0.29
777,0.7,closed_loop,-1.613090e-05,-3.045365e-05,0.452616,37.6328,36.2754,0.37
814,0.7,open_loop,-6.559692e-05,-7.427648e-05,-0.116357,37.8047,30.0703,0.29
814,0.7,closed_loop,-5.575640e-06,-2.114852e-05,-0.116357,37.7832,36.3711,0.36
851,0.7,open_loop,-8.046859e-05,-9.352408e-05,0.288831,38.4883,29.8906,0.30
851,0.7,closed_loop,-8.269730e-06,-2.405861e-05,0.288831,38.4473,37.6367,0.37
888,0.7,open_loop,-9.753449e-05,-1.033254e-04,0.237370,39.4648,30.0938,0.29
888,0.7,closed_loop,-6.904144e-06,-2.837957e-05,0.237370,39.4434,39.4941,0.37
925,0.7,open_loop,-6.628351e-05,-7.909939e-05,-0.071756,37.5449,29.9102,0.29
925,0.7,closed_loop,-4.967882e-06,-1.609963e-05,-0.071756,37.5352,36.5645,0.37
962,0.7,open_loop,-9.075669e-05,-9.557253e-05,0.191100,38.9434,29.9980,0.29
962,0.7,closed_loop,-1.809464e-06,-2.012458e-05,0.191100,38.9219,38.9043,0.37
999,0.7,open_loop,-8.896903e-05,-9.520006e-05,-0.272950,38.9961,30.2949,0.29
999,0.7,closed_loop,-1.485443e-06,-4.919224e-05,-0.272950,38.9766,38.3789,0.37
1036,0.7,open_loop,-9.134216e-05,-9.006621e-05,0.353995,39.0410,30.3730,0.29
1036,0.7,closed_loop,-7.312774e-06,-8.992403e-06,0.353995,39.0254,38.8184,0.37
1073,0.7,open_loop,-7.057504e-05,-8.601677e-05,0.469064,37.9981,30.8789,0.29
1073,0.7,closed_loop,-3.312376e-06,-2.746036e-05,0.469064,37.9961,36.8086,0.37
1110,0.7,open_loop,-6.501852e-05,-7.564986e-05,0.288325,37.5605,30.0859,0.29
1110,0.7,closed_loop,-2.557526e-06,-2.656467e-05,0.288325,37.5313,37.3516,0.37
1147,0.7,open_loop,-6.813842e-05,-7.184287e-05,0.207940,37.9805,30.3203,0.29
1147,0.7,closed_loop,-3.280487e-06,-2.294455e-05,0.207940,37.9180,37.6602,0.37
1184,0.7,open_loop,-1.062402e-04,-9.682641e-05,0.159629,39.4375,29.9609,0.29
1184,0.7,closed_loop,-1.513222e-05,-1.537411e-05,0.159629,39.3770,38.0508,0.37
1221,0.7,open_loop,-9.198173e-05,-9.027219e-05,0.108551,39.0410,30.2734,0.30
1221,0.7,closed_loop,-1.088554e-05,-2.419353e-05,0.108551,39.0234,38.7520,0.37
1258,0.7,open_loop,-9.442886e-05,-9.527025e-05,0.225725,39.4609,30.0781,0.29
1258,0.7,closed_loop,-7.127457e-06,-1.077198e-05,0.225725,39.4492,38.6855,0.37
1295,0.7,open_loop,-1.070750e-04,-1.179127e-04,0.202429,39.4941,30.1738,0.29
1295,0.7,closed_loop,-1.034134e-05,-3.128670e-05,0.202429,39.4746,39.0840,0.37
1332,0.7,open_loop,-6.395517e-05,-7.513171e-05,0.348128,38.0820,30.7871,0.30
1332,0.7,closed_loop,-1.239899e-05,-1.736595e-05,0.348128,38.0586,37.7070,0.37
1369,0.7,open_loop,-9.056822e-05,-1.076299e-04,0.315298,39.1270,29.7910,0.29
1369,0.7,closed_loop,-7.720871e-06,-1.726918e-05,0.315298,39.1582,37.4219,0.36
1406,0.7,open_loop,-7.384866e-05,-7.776979e-05,-0.098672,38.9805,31.0020,0.29
1406,0.7,closed_loop,-8.464583e-06,-9.039549e-06,-0.098672,38.9824,38.3125,0.37
1443,0.7,open_loop,-8.723013e-05,-9.038615e-05,-0.057162,38.5566,29.6836,0.50
1443,0.7,closed_loop,-1.467948e-05,-3.027752e-05,-0.057162,38.5039,38.4668,0.37
1480,0.7,open_loop,-6.536583e-05,-7.168121e-05,-0.122557,37.4707,30.1680,0.29
1480,0.7,closed_loop,-4.965437e-06,-2.895443e-05,-0.122557,37.4531,36.7637,0.37
1517,0.7,open_loop,-8.070387e-05,-8.047518e-05,0.396344,38.7969,30.0078,0.29
1517,0.7,closed_loop,-9.506832e-06,-7.876344e-06,0.396344,38.7598,37.3926,0.37
1554,0.7,open_loop,-8.593482e-05,-9.150782e-05,0.060526,38.4414,30.1387,0.29
1554,0.7,closed_loop,-6.794357e-06,-4.388547e-05,0.060526,38.3984,38.2988,0.37
1591,0.7,open_loop,-8.776391e-05,-9.403573e-05,0.220583,39.0293,30.1875,0.29
1591,0.7,closed_loop,-1.018585e-05,-2.322532e-05,0.220583,39.0039,38.4297,0.37
1628,0.7,open_loop,-7.664368e-05,-9.241879e-05,0.021502,38.4199,30.0840,0.29
1628,0.7,closed_loop,-5.934754e-06,-1.619672e-05,0.021502,38.4004,37.9082,0.37
1665,0.7,open_loop,-7.162101e-05,-8.776951e-05,0.172337,37.8848,30.0039,0.29
1665,0.7,closed_loop,-3.453753e-06,-2.471915e-05,0.172337,37.8809,37.0938,0.37
1702,0.7,open_loop,-6.972548e-05,-8.305656e-05,0.434795,37.8828,29.9141,0.29
1702,0.7,closed_loop,-9.983290e-06,-2.169454e-05,0.434795,37.8848,37.2070,0.37
1739,0.7,open_loop,-8.414863e-05,-8.796428e-05,0.428008,39.0352,30.1816,0.29
1739,0.7,closed_loop,-1.935043e-06,-6.772815e-06,0.428008,39.0254,38.7891,0.37
1776,0.7,open_loop,-7.530295e-05,-8.661386e-05,0.446090,37.4180,30.2676,0.29
1776,0.7,closed_loop,-1.167694e-05,-7.740324e-05,0.446090,37.4297,37.0430,0.36
1813,0.7,open_loop,-8.230720e-05,-8.859918e-05,-0.305859,38.9902,30.4023,0.29
1813,0.7,closed_loop,-6.367035e-06,-2.278314e-05,-0.305859,38.9531,38.4258,0.37
1850,0.7,open_loop,-8.503173e-05,-7.677331e-05,0.052102,38.3965,29.8301,0.29
1850,0.7,closed_loop,-9.835893e-06,-1.100158e-05,0.052102,38.3750,38.1543,0.37
1887,0.7,open_loop,-8.076362e-05,-9.630359e-05,-0.209233,38.8848,30.2656,0.29
1887,0.7,closed_loop,-7.162475e-06,-2.430307e-05,-0.209233,38.8945,38.8281,0.36
1924,0.7,open_loop,-9.082252e-05,-1.184590e-04,0.342623,38.9844,30.0176,0.29
1924,0.7,closed_loop,-3.958663e-06,-3.619930e-05,0.342623,38.9629,38.5703,0.37
1961,0.7,open_loop,-7.105392e-05,-7.809271e-05,-0.207673,37.7559,29.7129,0.29
1961,0.7,closed_loop,-6.176682e-06,-2.133388e-05,-0.207673,37.7813,36.6348,0.36
1998,0.7,open_loop,-8.233284e-05,-8.230487e-05,0.005537,38.6875,30.0059,0.29
1998,0.7,closed_loop,-5.343477e-06,-2.288393e-05,0.005537,38.6641,37.3828,0.37
2035,0.7,open_loop,-8.767785e-05,-9.790656e-05,0.204843,38.8770,30.3633,0.29
2035,0.7,closed_loop,-6.386414e-06,-3.433404e-05,0.204843,38.8731,38.7129,0.37
2072,0.7,open_loop,-7.033584e-05,-7.617428e-05,0.153154,38.2168,30.3379,0.30
2072,0.7,closed_loop,-5.591887e-06,-2.488339e-05,0.153154,38.1934,36.9590,0.37
2109,0.7,open_loop,-6.820456e-05,-6.692223e-05,-0.218194,37.9590,30.3125,0.29
2109,0.7,closed_loop,-3.116378e-06,-3.111251e-05,-0.218194,37.9492,37.6816,0.37
2146,0.7,open_loop,-8.537276e-05,-1.002755e-04,0.079332,38.8887,30.2090,0.29
2146,0.7,closed_loop,-4.983673e-06,-2.813319e-05,0.079332,38.8379,37.4746,0.37
2183,0.7,open_loop,-1.021153e-04,-1.043679e-04,0.402254,39.8086,30.3086,0.29
2183,0.7,closed_loop,-1.853943e-06,-1.102552e-05,0.402254,39.8164,39.1758,0.37
2220,0.7,open_loop,-1.008044e-04,-1.038716e-04,0.304611,39.9395,30.2227,0.29
2220,0.7,closed_loop,-2.364960e-06,-1.376921e-05,0.304611,39.9297,39.5391,0.37
2257,0.7,open_loop,-8.399964e-05,-1.010942e-04,-0.029414,38.9375,30.1953,0.29
2257,0.7,closed_loop,-1.689606e-06,-1.647419e-05,-0.029414,38.9473,38.3496,0.36
2294,0.7,open_loop,-8.214133e-05,-9.340057e-05,-0.240778,38.9648,30.4746,0.29
2294,0.7,closed_loop,-4.904479e-06,-1.220807e-05,-0.240778,38.9434,38.2598,0.37
2331,0.7,open_loop,-7.347038e-05,-7.794526e-05,0.334341,38.4102,30.4551,0.29
2331,0.7,closed_loop,-5.396193e-06,-2.166956e-05,0.334341,38.4297,37.9316,0.37
2368,0.7,open_loop,-9.937950e-05,-9.504241e-05,-0.359125,39.4707,30.4727,0.29
2368,0.7,closed_loop,-1.467446e-05,-4.112636e-05,-0.359125,39.4609,38.1738,0.37
2405,0.7,open_loop,-8.525109e-05,-8.965110e-05,0.062476,38.5156,30.0332,0.29
2405,0.7,closed_loop,-2.286491e-05,-3.927982e-05,0.062476,38.5137,37.6328,0.36
2442,0.7,open_loop,-1.065226e-04,-9.754221e-05,-0.066176,39.4980,30.1563,0.29
2442,0.7,closed_loop,-1.333893e-05,-1.733044e-05,-0.066176,39.4844,39.0273,0.36
2479,0.7,open_loop,-9.123541e-05,-1.087274e-04,0.050507,39.4102,30.5996,0.29
2479,0.7,closed_loop,-1.267159e-05,-4.768854e-05,0.050507,39.4297,38.3457,0.36
2516,0.7,open_loop,-6.914871e-05,-8.180124e-05,0.405442,38.0391,30.3711,0.29
2516,0.7,closed_loop,-5.253905e-06,-3.043172e-05,0.405442,38.0723,37.4316,0.37
2553,0.7,open_loop,-8.483894e-05,-9.073108e-05,-0.138317,38.8770,29.9766,0.29
2553,0.7,closed_loop,-1.273957e-06,-9.708042e-06,-0.138317,38.9316,38.5879,0.37
2590,0.7,open_loop,-8.074952e-05,-8.112247e-05,0.391671,38.7676,30.1348,0.28
2590,0.7,closed_loop,-4.584655e-06,-2.089522e-05,0.391671,38.8184,38.2988,0.37
2627,0.7,open_loop,-9.143372e-05,-9.566337e-05,-0.083526,38.8770,30.1426,0.29
2627,0.7,closed_loop,-1.186524e-06,-4.199274e-05,-0.083526,38.8906,38.5977,0.37
2664,0.7,open_loop,-9.548522e-05,-8.132237e-05,0.321847,38.0840,29.9824,0.30
2664,0.7,closed_loop,-2.629127e-05,-2.561686e-05,0.321847,38.0938,37.8770,0.37
2701,0.7,open_loop,-7.941322e-05,-8.007161e-05,-0.134152,38.9434,30.1914,0.29
2701,0.7,closed_loop,-9.270400e-06,-2.272628e-05,-0.134152,38.9258,37.4590,0.37
2738,0.7,open_loop,-7.324523e-05,-8.507690e-05,0.160642,38.4043,30.9980,0.29
2738,0.7,closed_loop,-7.163239e-07,-2.625379e-05,0.160642,38.4219,38.1309,0.36
2775,0.7,open_loop,-9.702842e-05,-7.626173e-05,-0.253446,38.4297,30.0449,0.29
2775,0.7,closed_loop,-1.667191e-05,-7.473514e-06,-0.253446,38.4277,37.3457,0.37
2812,0.7,open_loop,-8.382995e-05,-8.369357e-05,-0.012698,39.1816,30.5254,0.29
2812,0.7,closed_loop,-1.128617e-06,-1.796272e-05,-0.012698,39.1348,38.6992,0.37
2849,0.7,open_loop,-9.253922e-05,-1.038881e-04,0.475999,39.4648,30.3984,0.29
2849,0.7,closed_loop,-1.097580e-05,-1.200441e-05,0.475999,39.4609,39.0742,0.37
2886,0.7,open_loop,-8.497613e-05,-8.559682e-05,0.082787,39.2637,30.3633,0.29
2886,0.7,closed_loop,-1.482827e-05,-3.857743e-05,0.082787,39.2773,37.8027,0.37
2923,0.7,open_loop,-6.972488e-05,-1.186038e-04,0.517048,37.4961,30.5352,0.29
2923,0.7,closed_loop,-1.056343e-05,-4.429626e-05,0.517048,37.4883,37.1426,0.37
2960,0.7,open_loop,-8.927216e-05,-8.509978e-05,0.077620,38.4805,30.1719,0.29
2960,0.7,closed_loop,-5.274427e-06,-4.033275e-05,0.077620,38.4648,37.8965,0.37
2997,0.7,open_loop,-1.084601e-04,-1.422174e-04,0.685949,39.7676,31.1270,0.29
2997,0.7,closed_loop,-1.114632e-05,-5.205069e-05,0.685949,39.7676,38.5391,0.37
3034,0.7,open_loop,-8.614655e-05,-9.077405e-05,0.037963,39.0313,30.0508,0.30
3034,0.7,closed_loop,-1.317292e-06,-1.197847e-05,0.037963,39.0410,38.8184,0.37
3071,0.7,open_loop,-6.905098e-05,-7.747152e-05,0.233479,37.9688,30.4395,0.29
3071,0.7,closed_loop,-9.402465e-06,-3.133039e-05,0.233479,37.9453,37.7305,0.37
3108,0.7,open_loop,-7.911292e-05,-8.408027e-05,-0.041863,38.6621,30.3164,0.29
3108,0.7,closed_loop,-9.371944e-06,-2.428018e-05,-0.041863,38.7168,38.0059,0.36
3145,0.7,open_loop,-9.318016e-05,-9.889798e-05,0.265794,39.4609,30.1855,0.29
3145,0.7,closed_loop,-3.183974e-06,-1.956594e-05,0.265794,39.4297,38.7871,0.37
3182,0.7,open_loop,-6.921143e-05,-7.430067e-05,0.372129,38.4648,30.8594,0.29
3182,0.7,closed_loop,-1.715004e-05,-3.636097e-05,0.372129,38.4668,38.4297,0.37
3219,0.7,open_loop,-8.194756e-05,-8.879170e-05,-0.114981,38.6133,29.9941,0.29
3219,0.7,closed_loop,-1.131256e-05,-3.460421e-05,-0.114981,38.6191,37.8105,0.36
3256,0.7,open_loop,-7.983200e-05,-7.598804e-05,0.460578,38.0703,29.7422,0.29
3256,0.7,closed_loop,-1.061172e-05,-1.125223e-05,0.460578,38.0566,36.8691,0.37
3293,0.7,open_loop,-8.365729e-05,-9.800406e-05,0.178284,38.4766,29.6504,0.29
3293,0.7,closed_loop,-5.925446e-06,-1.628667e-05,0.178284,38.4785,38.2168,0.37
3330,0.7,open_loop,-5.867232e-05,-7.382836e-05,0.502097,37.5078,30.5977,0.29
3330,0.7,closed_loop,-6.620797e-07,-4.892048e-05,0.502097,37.5059,37.3223,0.36
3367,0.7,open_loop,-9.127533e-05,-9.631684e-05,-0.128210,39.4863,30.4824,0.30
3367,0.7,closed_loop,-2.987290e-06,-7.723918e-06,-0.128210,39.4668,38.5391,0.37
3404,0.7,open_loop,-8.109702e-05,-9.726392e-05,0.060680,38.4375,29.6113,0.30
3404,0.7,closed_loop,-7.184981e-06,-1.711916e-05,0.060680,38.4316,37.3594,0.61
3441,0.7,open_loop,-6.131103e-05,-8.432890e-05,-0.005279,37.4648,30.4375,0.29
3441,0.7,closed_loop,-6.303329e-06,-3.364474e-05,-0.005279,37.4258,36.9785,0.37
3478,0.7,open_loop,-6.353851e-05,-6.830702e-05,0.158198,37.9297,30.3750,0.30
3478,0.7,closed_loop,-3.189391e-06,-1.783463e-05,0.158198,37.9043,36.8613,0.37
3515,0.7,open_loop,-7.595702e-05,-8.131882e-05,-0.110587,38.2520,30.0410,0.30
3515,0.7,closed_loop,-3.335875e-06,-2.164290e-05,-0.110587,38.3145,37.3379,0.37
3552,0.7,open_loop,-8.473678e-05,-8.942493e-05,0.366713,38.6738,30.0020,0.30
3552,0.7,closed_loop,-7.469176e-06,-1.600109e-05,0.366713,38.6504,37.2949,0.37
3589,0.7,open_loop,-1.086288e-04,-1.115471e-04,0.118951,39.5684,30.0801,0.29
3589,0.7,closed_loop,-8.733445e-06,-3.252387e-05,0.118951,39.5664,38.4121,0.37
3626,0.7,open_loop,-8.970382e-05,-1.223489e-04,0.026305,39.0039,29.9258,0.29
3626,0.7,closed_loop,-1.419829e-06,-5.674743e-05,0.026305,39.0000,38.6992,0.37
3663,0.7,open_loop,-7.156700e-05,-7.828417e-05,0.221805,38.1621,30.5117,0.29
3663,0.7,closed_loop,-4.678118e-06,-4.087227e-05,0.221805,38.1523,37.7988,0.36
0,0.9,open_loop,-1.324660e-04,-1.403397e-04,0.588884,40.8809,30.1094,0.29
0,0.9,closed_loop,-1.141113e-05,-2.854582e-05,0.588884,40.8984,38.5234,0.37
37,0.9,open_loop,-1.159594e-04,-1.238108e-04,0.379670,40.3926,30.3984,0.29
37,0.9,closed_loop,-2.082215e-06,-4.248745e-05,0.379670,40.4141,39.9063,0.37
74,0.9,open_loop,-4.109291e-05,-5.242879e-05,0.401689,34.3262,29.6719,0.29
74,0.9,closed_loop,-1.661377e-06,-3.361655e-05,0.401689,34.3359,34.0664,0.37
111,0.9,open_loop,-9.486626e-05,-1.161432e-04,0.642619,38.9434,30.4766,0.29
111,0.9,closed_loop,-5.010834e-06,-3.769130e-05,0.642619,38.9414,37.8984,0.37
148,0.9,open_loop,-1.028684e-04,-1.087015e-04,0.424373,39.9063,30.4668,0.29
148,0.9,closed_loop,-9.750137e-06,-2.070416e-05,0.424373,39.8926,37.9766,0.36
185,0.9,open_loop,-2.234736e-04,-2.376179e-04,0.632612,45.0762,30.7910,0.29
185,0.9,closed_loop,-8.746109e-06,-3.789359e-05,0.632612,45.0605,43.8047,0.37
222,0.9,open_loop,-6.787345e-05,-1.077451e-04,0.593795,36.0176,30.0547,0.29
222,0.9,closed_loop,-2.135009e-06,-7.407017e-05,0.593795,36.0078,35.4727,0.37
259,0.9,open_loop,-5.537187e-05,-8.107990e-05,0.177874,36.7461,30.3359,0.30
259,0.9,closed_loop,-4.378125e-06,-4.081100e-05,0.177874,36.7012,36.3516,0.38
296,0.9,open_loop,-1.429443e-04,-1.684361e-04,0.232855,41.9668,30.4844,0.30
296,0.9,closed_loop,-1.512169e-05,-2.497679e-05,0.232855,41.9590,40.6016,0.37
333,0.9,open_loop,-2.380948e-04,-2.540386e-04,0.087273,46.3496,31.1660,0.30
333,0.9,closed_loop,-1.748291e-05,-4.030736e-05,0.087273,46.2695,42.7617,0.37
370,0.9,open_loop,-6.098067e-05,-7.284489e-05,0.595883,36.9531,30.2070,0.29
370,0.9,closed_loop,-2.341003e-06,-1.556726e-05,0.595883,36.9570,36.5117,0.37
407,0.9,open_loop,-1.441193e-04,-1.462397e-04,0.211870,42.4336,30.7813,0.30
407,0.9,closed_loop,-1.668990e-05,-2.376652e-05,0.211870,42.4160,39.9746,0.38
444,0.9,open_loop,-6.243866e-05,-7.496522e-05,0.503824,36.3164,30.4063,0.29
444,0.9,closed_loop,-6.395186e-06,-6.314625e-05,0.503824,36.3418,36.0000,0.37
481,0.9,open_loop,-4.611976e-05,-5.835040e-05,0.285786,35.2773,30.4746,0.29
481,0.9,closed_loop,-1.377250e-05,-3.808802e-05,0.285786,35.2520,34.7734,0.37
518,0.9,open_loop,-2.111358e-05,-2.390618e-05,0.325753,32.4492,29.1836,0.29
518,0.9,closed_loop,-9.282378e-06,-1.249759e-05,0.325753,32.4297,32.3281,0.37
555,0.9,open_loop,-9.718833e-05,-1.137568e-04,0.358147,39.1250,30.1973,0.30
555,0.9,closed_loop,-4.409561e-06,-4.339238e-05,0.358147,39.1055,38.1348,0.37
592,0.9,open_loop,-1.784294e-05,-4.909876e-05,0.422805,33.9258,31.9590,0.29
592,0.9,closed_loop,-8.481601e-07,-4.890755e-05,0.422805,33.9258,33.8574,0.36
629,0.9,open_loop,-5.244706e-05,-8.950765e-05,0.484382,36.0039,30.2539,0.29
629,0.9,closed_loop,-4.842835e-06,-5.504239e-05,0.484382,35.9902,35.5957,0.37
666,0.9,open_loop,-9.335877e-05,-9.457734e-05,0.026362,39.1426,30.5137,0.30
666,0.9,closed_loop,-6.003345e-06,-3.084693e-05,0.026362,39.1777,37.7539,0.36
703,0.9,open_loop,-8.893546e-05,-9.966108e-05,0.203415,39.2930,30.5332,0.30
703,0.9,closed_loop,-1.036316e-05,-4.422206e-05,0.203415,39.2598,37.7324,0.37
740,0.9,open_loop,-1.429058e-04,-1.862009e-04,0.052948,42.4082,30.6484,0.30
740,0.9,closed_loop,-9.734572e-06,-5.236912e-05,0.052948,42.4199,40.0586,0.37
777,0.9,open_loop,-3.651023e-05,-4.676369e-05,0.691687,33.4629,29.5000,0.30
777,0.9,closed_loop,-4.018781e-06,-2.238432e-05,0.691687,33.4609,32.9316,0.37
814,0.9,open_loop,-4.356194e-05,-5.286512e-05,0.084348,35.6543,30.5820,0.30
814,0.9,closed_loop,-1.394272e-06,-6.302192e-05,0.084348,35.6348,35.5000,0.37
851,0.9,open_loop,-8.540710e-05,-9.914012e-05,0.403143,38.2695,30.0000,0.29
851,0.9,closed_loop,-1.205894e-05,-4.564409e-05,0.403143,38.2930,37.3027,0.37
888,0.9,open_loop,-1.297199e-04,-1.436699e-04,0.426052,41.0098,30.7891,0.30
888,0.9,closed_loop,-7.000048e-06,-7.260911e-05,0.426052,40.9961,39.1465,0.37
925,0.9,open_loop,-1.522133e-05,-3.388841e-05,0.081877,33.1816,30.7969,0.30
925,0.9,closed_loop,-3.769378e-06,-3.503755e-05,0.081877,33.1797,33.0117,0.37
962,0.9,open_loop,-1.067276e-04,-1.116849e-04,0.369666,39.7598,30.0254,0.30
962,0.9,closed_loop,-1.596695e-05,-4.278748e-05,0.369666,39.8105,39.2637,0.37
999,0.9,open_loop,-9.005759e-05,-9.461043e-05,-0.119523,38.9199,30.1094,0.29
999,0.9,closed_loop,-1.477662e-06,-2.981511e-05,-0.119523,38.9395,38.3184,0.37
1036,0.9,open_loop,-1.306654e-04,-1.454209e-04,0.546485,41.1992,30.5938,0.30
1036,0.9,closed_loop,-1.168251e-05,-2.850623e-05,0.546485,41.1914,39.1856,0.37
1073,0.9,open_loop,-4.804916e-05,-5.889956e-05,0.619389,35.4785,30.1387,0.29
1073,0.9,closed_loop,-6.118011e-07,-3.647813e-05,0.619389,35.4570,35.3887,0.37
1110,0.9,open_loop,-4.027772e-05,-5.224465e-05,0.439701,35.2559,30.1699,0.29
1110,0.9,closed_loop,-2.488328e-06,-3.831842e-05,0.439701,35.2969,34.8809,0.37
1147,0.9,open_loop,-6.583015e-05,-8.890365e-05,0.473377,36.7910,30.2266,0.30
1147,0.9,closed_loop,-4.495544e-06,-6.224951e-05,0.473377,36.7969,35.4570,0.36
1184,0.9,open_loop,-1.476485e-04,-1.539670e-04,0.352506,41.4746,30.5547,0.29
1184,0.9,closed_loop,-2.606292e-05,-3.768672e-05,0.352506,41.4063,40.6016,0.37
1221,0.9,open_loop,-1.152540e-04,-1.328091e-04,0.250906,40.2520,29.9980,0.29
1221,0.9,closed_loop,-1.655617e-05,-1.937593e-05,0.250906,40.2930,38.4668,0.37
1258,0.9,open_loop,-1.156645e-04,-1.268260e-04,0.375149,39.7832,30.2441,0.29
1258,0.9,closed_loop,-2.973709e-06,-4.415226e-05,0.375149,39.7891,38.7793,0.36
1295,0.9,open_loop,-1.181622e-04,-1.243471e-04,0.376644,39.9824,29.9473,0.29
1295,0.9,closed_loop,-8.281700e-07,-4.182153e-05,0.376644,39.9590,39.6719,0.37
1332,0.9,open_loop,-5.573143e-05,-6.108462e-05,0.542595,35.7734,30.0215,0.29
1332,0.9,closed_loop,-9.618378e-06,-2.977094e-05,0.542595,35.7559,34.6582,0.37
1369,0.9,open_loop,-1.037018e-04,-1.323766e-04,0.465545,39.4375,30.2539,0.29
1369,0.9,closed_loop,-1.203103e-05,-4.426455e-05,0.465545,39.4297,37.7129,0.37
1406,0.9,open_loop,-1.144121e-04,-1.222994e-04,0.086604,40.1816,30.4844,0.29
1406,0.9,closed_loop,-1.097771e-05,-5.782687e-05,0.086604,40.1855,38.0000,0.37
1443,0.9,open_loop,-9.087310e-05,-7.577203e-05,0.204424,37.8887,30.1191,0.29
1443,0.9,closed_loop,-8.482817e-06,-6.716950e-05,0.204424,37.9141,37.6836,0.36
1480,0.9,open_loop,-3.961455e-05,-5.858218e-05,-0.038379,34.3008,30.1719,0.29
1480,0.9,closed_loop,-1.034599e-05,-4.898760e-05,-0.038379,34.3008,34.4551,0.37
1517,0.9,open_loop,-1.211779e-04,-1.186361e-04,0.592726,38.9609,30.3926,0.29
1517,0.9,closed_loop,-1.045082e-05,-4.852880e-05,0.592726,38.9668,38.7305,0.37
1554,0.9,open_loop,-6.177215e-05,-7.101624e-05,0.187384,36.4570,29.8906,0.29
1554,0.9,closed_loop,-7.245711e-06,-4.920967e-05,0.187384,36.4316,35.4141,0.37
1591,0.9,open_loop,-9.899161e-05,-1.092952e-04,0.364748,39.0977,30.4004,0.29
1591,0.9,closed_loop,-1.760841e-05,-2.714072e-05,0.364748,39.0977,37.0371,0.37
1628,0.9,open_loop,-7.019859e-05,-8.726920e-05,0.150614,36.9980,29.8945,0.29
1628,0.9,closed_loop,-1.207336e-05,-4.860470e-05,0.150614,36.9980,36.5410,0.37
1665,0.9,open_loop,-6.735443e-05,-9.119518e-05,0.392379,35.8262,29.2520,0.29
1665,0.9,closed_loop,-1.478729e-06,-3.017264e-05,0.392379,35.8359,35.4453,0.37
1702,0.9,open_loop,-6.431487e-05,-7.587289e-05,0.613930,36.8828,30.0273,0.29
1702,0.9,closed_loop,-1.213608e-05,-4.837389e-05,0.613930,36.8691,36.7285,0.37
1739,0.9,open_loop,-9.831299e-05,-1.037211e-04,0.571263,39.3496,30.0488,0.29
1739,0.9,closed_loop,-4.955370e-06,-1.838595e-05,0.571263,39.3496,38.3281,0.37
1776,0.9,open_loop,-4.459571e-05,-6.136940e-05,0.630739,33.3594,28.8340,0.29
1776,0.9,closed_loop,-7.426147e-06,-4.189830e-05,0.630739,33.3672,33.0703,0.37
1813,0.9,open_loop,-1.038304e-04,-1.119397e-04,-0.124419,39.8906,30.3984,0.29
1813,0.9,closed_loop,-1.609451e-05,-2.430179e-05,-0.124419,39.8555,38.4023,0.37
1850,0.9,open_loop,-7.518913e-05,-7.297403e-05,0.284640,37.3809,30.4609,0.29
1850,0.9,closed_loop,-2.301332e-06,-5.914554e-05,0.284640,37.4434,37.4863,0.37
1887,0.9,open_loop,-7.868255e-05,-1.008993e-04,-0.056450,38.6426,30.2949,0.29
1887,0.9,closed_loop,-6.208647e-06,-1.808962e-05,-0.056450,38.6563,37.3828,0.37
1924,0.9,open_loop,-1.149512e-04,-1.430083e-04,0.461806,39.9746,30.3145,0.29
1924,0.9,closed_loop,-1.592330e-06,-6.398989e-05,0.461806,39.9805,39.9395,0.37
1961,0.9,open_loop,-2.266762e-05,-4.188096e-05,0.094146,33.9863,30.9063,0.29
1961,0.9,closed_loop,-2.088623e-06,-5.947972e-05,0.094146,33.9883,34.0000,0.37
1998,0.9,open_loop,-8.772560e-05,-8.774164e-05,0.109000,38.4980,30.3828,0.29
1998,0.9,closed_loop,-1.004867e-05,-4.029693e-05,0.109000,38.4961,38.4375,0.37
2035,0.9,open_loop,-8.431617e-05,-1.128587e-04,0.383477,38.1113,30.1250,0.29
2035,0.9,closed_loop,-5.478591e-06,-2.691096e-05,0.383477,38.1113,36.6523,0.64
2072,0.9,open_loop,-6.505851e-05,-8.383908e-05,0.374633,37.5664,30.3027,0.30
2072,0.9,closed_loop,-8.394852e-06,-3.357423e-05,0.374633,37.5742,36.2168,0.37
2109,0.9,open_loop,-5.936768e-05,-6.461615e-05,-0.074743,36.7266,30.0547,0.29
2109,0.9,closed_loop,-3.503110e-06,-5.339460e-05,-0.074743,36.7266,36.1719,0.37
2146,0.9,open_loop,-7.572410e-05,-1.051833e-04,0.177395,37.9551,30.8047,0.29
2146,0.9,closed_loop,-3.521347e-06,-3.289923e-05,0.177395,37.9141,37.4629,0.37
2183,0.9,open_loop,-1.526298e-04,-1.597554e-04,0.565037,42.4961,30.7207,0.29
2183,0.9,closed_loop,-1.018829e-06,-2.889580e-05,0.565037,42.5000,41.9570,0.37
2220,0.9,open_loop,-1.978128e-04,-1.992397e-04,0.576404,44.4160,30.9453,0.29
2220,0.9,closed_loop,-1.306251e-05,-3.492777e-05,0.576404,44.4121,42.9297,0.37
2257,0.9,open_loop,-9.008505e-05,-1.071867e-04,0.061419,39.5430,30.3105,0.30
2257,0.9,closed_loop,-3.810272e-06,-1.000230e-05,0.061419,39.5547,38.4453,0.37
2294,0.9,open_loop,-1.308172e-04,-1.461510e-04,-0.144610,41.4063,30.6387,0.29
2294,0.9,closed_loop,-7.647630e-06,-4.320132e-05,-0.144610,41.3926,40.0078,0.37
2331,0.9,open_loop,-7.872657e-05,-8.239118e-05,0.554828,37.4102,29.6230,0.30
2331,0.9,closed_loop,-7.887496e-06,-3.928992e-05,0.554828,37.4063,36.5098,0.37
2368,0.9,open_loop,-1.411639e-04,-1.604235e-04,-0.174017,41.8789,30.4297,0.30
2368,0.9,closed_loop,-1.558830e-05,-5.333662e-05,-0.174017,41.8711,40.0996,0.37
2405,0.9,open_loop,-6.734244e-05,-7.485270e-05,0.273164,37.3984,30.0879,0.29
2405,0.9,closed_loop,-1.028092e-05,-3.658528e-05,0.273164,37.3926,36.5488,0.37
2442,0.9,open_loop,-1.407396e-04,-1.504070e-04,0.092253,42.4492,30.7598,0.30
2442,0.9,closed_loop,-1.533393e-05,-2.307546e-05,0.092253,42.4141,39.0918,0.37
2479,0.9,open_loop,-1.602443e-04,-1.721238e-04,0.145064,41.9473,30.5039,0.30
2479,0.9,closed_loop,-1.234787e-05,-4.118964e-05,0.145064,41.9414,40.9023,0.37
2516,0.9,open_loop,-2.709015e-05,-5.537719e-05,0.596840,33.9805,30.5391,0.30
2516,0.9,closed_loop,-3.114623e-06,-3.511480e-05,0.596840,33.9746,33.5566,0.37
2553,0.9,open_loop,-6.355201e-05,-7.210638e-05,0.100328,37.3066,30.1445,0.29
2553,0.9,closed_loop,-1.279495e-05,-2.311273e-05,0.100328,37.2949,36.5098,0.37
2590,0.9,open_loop,-1.006473e-04,-1.129198e-04,0.599113,39.3730,30.2559,0.30
2590,0.9,closed_loop,-8.774262e-06,-3.904949e-05,0.599113,39.3887,38.1934,0.37
2627,0.9,open_loop,-6.537133e-05,-7.215801e-05,-0.024697,36.9551,29.7539,0.30
2627,0.9,closed_loop,-5.476993e-06,-3.490528e-05,-0.024697,36.9375,36.2422,0.37
2664,0.9,open_loop,-6.969734e-05,-8.137729e-05,0.499350,37.0020,29.8438,0.30
2664,0.9,closed_loop,-5.440136e-06,-4.103843e-05,0.499350,36.9805,36.6309,0.37
2701,0.9,open_loop,-9.495362e-05,-9.680681e-05,0.000425,40.1426,30.7402,0.30
2701,0.9,closed_loop,-6.339875e-06,-1.588729e-05,0.000425,40.1484,38.6523,0.37
2738,0.9,open_loop,-6.600387e-05,-9.523211e-05,0.305640,36.8828,30.4609,0.30
2738,0.9,closed_loop,-6.128619e-06,-4.292762e-05,0.305640,36.8555,35.9629,0.37
2775,0.9,open_loop,-7.246757e-05,-6.976479e-05,-0.047160,36.9863,29.7188,0.29
2775,0.9,closed_loop,-4.794388e-06,-3.594825e-05,-0.047160,36.9375,35.8223,0.37
2812,0.9,open_loop,-1.355747e-04,-1.367109e-04,0.203445,41.1465,30.3086,0.30
2812,0.9,closed_loop,-8.986968e-06,-5.326795e-05,0.203445,41.1133,39.1719,0.37
2849,0.9,open_loop,-1.658633e-04,-1.826744e-04,0.643557,41.7793,30.0059,0.30
2849,0.9,closed_loop,-8.199084e-06,-4.220958e-05,0.643557,41.7637,41.9336,0.37
2886,0.9,open_loop,-1.306429e-04,-1.353599e-04,0.247117,41.3770,30.6953,0.30
2886,0.9,closed_loop,-1.337502e-05,-5.489840e-05,0.247117,41.3848,39.7148,0.37
2923,0.9,open_loop,-2.632683e-05,-4.119471e-05,0.669120,32.5488,29.2070,0.29
2923,0.9,closed_loop,-3.443527e-06,-3.182332e-05,0.669120,32.5313,32.2988,0.37
2960,0.9,open_loop,-9.321182e-05,-7.536435e-05,0.271631,36.8887,30.1934,0.30
2960,0.9,closed_loop,-2.202629e-05,-5.339138e-05,0.271631,36.8691,36.5898,0.37
2997,0.9,open_loop,-1.959590e-04,-2.151527e-04,0.803802,43.9668,31.8887,0.29
2997,0.9,closed_loop,-1.307289e-05,-3.762150e-05,0.803802,43.9492,41.1777,0.37
3034,0.9,open_loop,-8.691719e-05,-9.367740e-05,0.190623,39.1035,30.0977,0.30
3034,0.9,closed_loop,-3.626329e-06,-1.173521e-05,0.190623,39.1055,38.5645,0.37
3071,0.9,open_loop,-5.914413e-05,-7.246431e-05,0.502081,36.4531,29.5469,0.30
3071,0.9,closed_loop,-1.022171e-05,-3.555747e-05,0.502081,36.4688,36.1484,0.37
3108,0.9,open_loop,-6.793206e-05,-7.248150e-05,0.297554,36.9805,30.7598,0.30
3108,0.9,closed_loop,-1.723183e-05,-2.612546e-05,0.297554,36.9707,36.5664,0.37
3145,0.9,open_loop,-1.225830e-04,-1.297610e-04,0.475495,40.8320,30.4922,0.30
3145,0.9,closed_loop,-1.552582e-05,-1.984944e-05,0.475495,40.8027,38.7754,0.37
3182,0.9,open_loop,-5.383217e-05,-6.278502e-05,0.562788,35.9629,30.0391,0.30
3182,0.9,closed_loop,-3.126831e-06,-2.042822e-05,0.562788,35.9316,35.1973,0.37
3219,0.9,open_loop,-6.272370e-05,-8.071015e-05,0.146215,36.9922,30.3945,0.29
3219,0.9,closed_loop,-2.085343e-06,-5.732077e-05,0.146215,36.9766,36.5488,0.37
3256,0.9,open_loop,-7.378760e-05,-7.908631e-05,0.634373,36.3457,29.3242,0.30
3256,0.9,closed_loop,-6.651154e-06,-3.512717e-05,0.634373,36.3594,35.9414,0.37
3293,0.9,open_loop,-5.846398e-05,-7.805609e-05,0.292232,36.8164,30.0684,0.30
3293,0.9,closed_loop,-4.299545e-06,-2.370532e-05,0.292232,36.7852,35.9473,0.37
3330,0.9,open_loop,-4.682792e-05,-5.327517e-05,0.628258,34.9648,30.4160,0.29
3330,0.9,closed_loop,-4.258195e-06,-3.895632e-05,0.628258,34.9512,34.5352,0.37
3367,0.9,open_loop,-1.144279e-04,-1.215693e-04,0.189407,40.6973,31.0078,0.30
3367,0.9,closed_loop,-1.067520e-05,-2.862910e-05,0.189407,40.6914,38.4727,0.37
3404,0.9,open_loop,-7.204789e-05,-9.928154e-05,0.219445,37.9766,30.3242,0.30
3404,0.9,closed_loop,-5.522157e-06,-3.686692e-05,0.219445,37.9668,36.7598,0.37
3441,0.9,open_loop,-2.531837e-05,-3.633374e-05,0.225963,33.6133,29.5801,0.29
3441,0.9,closed_loop,-5.116955e-06,-2.766072e-05,0.225963,33.6094,33.2168,0.37
3478,0.9,open_loop,-4.883881e-05,-6.058696e-05,0.308206,35.3535,29.6387,0.30
3478,0.9,closed_loop,-4.251711e-06,-3.314402e-05,0.308206,35.3242,34.5898,0.37
3515,0.9,open_loop,-5.906379e-05,-7.068650e-05,0.047931,36.8867,30.1426,0.30
3515,0.9,closed_loop,-1.037544e-05,-3.615104e-05,0.047931,36.8711,36.4980,0.37
3552,0.9,open_loop,-8.665597e-05,-1.107110e-04,0.626332,37.9063,30.0645,0.30
3552,0.9,closed_loop,-7.983626e-06,-6.245093e-05,0.626332,37.8984,37.9785,0.38
3589,0.9,open_loop,-1.326231e-04,-1.362500e-04,0.314397,40.8867,30.0879,0.30
3589,0.9,closed_loop,-1.029701e-05,-2.687313e-05,0.314397,40.8750,40.0254,0.37
3626,0.9,open_loop,-8.299445e-05,-8.981449e-05,0.262719,38.4395,30.1563,0.30
3626,0.9,closed_loop,-1.813972e-05,-2.781620e-05,0.262719,38.4414,37.2520,0.38
3663,0.9,open_loop,-5.318466e-05,-5.950847e-05,0.561577,35.9355,29.9941,0.30
3663,0.9,closed_loop,-2.372742e-06,-1.751379e-05,0.561577,35.9180,35.1758,0.37
